{
    "epoch": 2.0,
    "eval_loss": 1.7506821155548096,
    "eval_runtime": 11.8434,
    "eval_samples_per_second": 3.968,
    "eval_steps_per_second": 3.968,
    "total_flos": 7.804252901647319e+17,
    "train_loss": 2.2236169699672277,
    "train_runtime": 7258.303,
    "train_samples_per_second": 1.237,
    "train_steps_per_second": 0.077
}