{
  "model": "LoRA::Qwen/Qwen2.5-7B-Instruct::/workspace/LLaMA-Factory/saves/cleandata",
  "gen_cfg": {
    "max_new_tokens": 256,
    "do_sample": false,
    "temperature": 0.0,
    "top_p": 1.0,
    "repetition_penalty": 1.0
  },
  "max_input_tokens": 2048,
  "batch_size": 24,
  "finance": {
    "n": 976,
    "exact_match": 0.0010245901639344263,
    "rouge": {
      "rouge1": 0.24595379409783166,
      "rouge2": 0.062486122006801995,
      "rougeL": 0.16380063333639813
    },
    "bleu": {
      "bleu": 3.1541626797813813
    },
    "chrf": {
      "chrf": 22.811788661118996
    },
    "length_pred_words": {
      "mean": 169.80327868852459,
      "p50": 201.0,
      "p90": 237.0
    },
    "length_ref_words": {
      "mean": 168.60245901639345,
      "p50": 123.0,
      "p90": 345.5
    },
    "latency_sec_total": 405.37833189964294,
    "latency_sec_per_sample": 0.4153466515365194,
    "pred_file": "eval_runs/20260112_142713_two_dirs/models/cleandata/pred_finance.jsonl"
  },
  "general": {
    "n": 2470,
    "exact_match": 0.0024291497975708503,
    "rouge": {
      "rouge1": 0.37097379310928086,
      "rouge2": 0.18860276425447023,
      "rougeL": 0.29291259591163854
    },
    "bleu": {
      "bleu": 11.014270619645846
    },
    "chrf": {
      "chrf": 40.701959924836686
    },
    "length_pred_words": {
      "mean": 70.54048582995951,
      "p50": 55.0,
      "p90": 145.0
    },
    "length_ref_words": {
      "mean": 41.298785425101215,
      "p50": 26.0,
      "p90": 96.0
    },
    "latency_sec_total": 970.1238148212433,
    "latency_sec_per_sample": 0.3927626780652807,
    "pred_file": "eval_runs/20260112_142713_two_dirs/models/cleandata/pred_general.jsonl"
  }
}