{
  "model": "LoRA::Qwen/Qwen2.5-7B-Instruct::/workspace/LLaMA-Factory/saves/ep4",
  "gen_cfg": {
    "max_new_tokens": 256,
    "do_sample": false,
    "temperature": 0.0,
    "top_p": 1.0,
    "repetition_penalty": 1.0
  },
  "max_input_tokens": 2048,
  "batch_size": 24,
  "finance": {
    "n": 976,
    "exact_match": 0.0010245901639344263,
    "rouge": {
      "rouge1": 0.2515526313923766,
      "rouge2": 0.06421317425112869,
      "rougeL": 0.16618656334855114
    },
    "bleu": {
      "bleu": 3.2659323814323695
    },
    "chrf": {
      "chrf": 23.159635790179177
    },
    "length_pred_words": {
      "mean": 173.46926229508196,
      "p50": 206.0,
      "p90": 235.0
    },
    "length_ref_words": {
      "mean": 168.60245901639345,
      "p50": 123.0,
      "p90": 345.5
    },
    "latency_sec_total": 406.29247283935547,
    "latency_sec_per_sample": 0.41628327135179866,
    "pred_file": "eval_runs/20260112_094214_three/models/ep4/pred_finance.jsonl"
  },
  "general": {
    "n": 2470,
    "exact_match": 0.0024291497975708503,
    "rouge": {
      "rouge1": 0.3833932620171913,
      "rouge2": 0.19839108306046968,
      "rougeL": 0.30403560944563784
    },
    "bleu": {
      "bleu": 12.19499727455821
    },
    "chrf": {
      "chrf": 40.45543672656023
    },
    "length_pred_words": {
      "mean": 63.11255060728745,
      "p50": 47.0,
      "p90": 125.0
    },
    "length_ref_words": {
      "mean": 41.298785425101215,
      "p50": 26.0,
      "p90": 96.0
    },
    "latency_sec_total": 914.3436367511749,
    "latency_sec_per_sample": 0.3701796100207186,
    "pred_file": "eval_runs/20260112_094214_three/models/ep4/pred_general.jsonl"
  }
}