{
  "LoRA::Qwen/Qwen2.5-7B-Instruct::/workspace/LLaMA-Factory/saves/e2baseline": {
    "finance": {
      "exact_match": 0.0010245901639344263,
      "rougeL": 0.018069330039378773,
      "bleu": 0.7532070856600495,
      "chrf": -6.80154994605709
    },
    "general": {
      "exact_match": -0.0004048582995951418,
      "rougeL": 0.08986988281382927,
      "bleu": 6.8122553902870155,
      "chrf": 4.086186406455134
    }
  },
  "LoRA::Qwen/Qwen2.5-7B-Instruct::/workspace/LLaMA-Factory/saves/cut1024": {
    "finance": {
      "exact_match": 0.0010245901639344263,
      "rougeL": 0.019773221234697047,
      "bleu": 0.8822126281661982,
      "chrf": -6.7021605647966425
    },
    "general": {
      "exact_match": 0.0008097165991902836,
      "rougeL": 0.09648016933602424,
      "bleu": 7.430238037356345,
      "chrf": 3.5136491145904003
    }
  }
}