{
  "model": "LoRA::Qwen/Qwen2.5-7B-Instruct::/workspace/LLaMA-Factory/saves/lr1e",
  "gen_cfg": {
    "max_new_tokens": 256,
    "do_sample": false,
    "temperature": 0.0,
    "top_p": 1.0,
    "repetition_penalty": 1.0
  },
  "max_input_tokens": 2048,
  "batch_size": 24,
  "finance": {
    "n": 976,
    "exact_match": 0.0010245901639344263,
    "rouge": {
      "rouge1": 0.2591637941184695,
      "rouge2": 0.06393056974854967,
      "rougeL": 0.16620237084894693
    },
    "bleu": {
      "bleu": 3.346162263882776
    },
    "chrf": {
      "chrf": 24.37365123007108
    },
    "length_pred_words": {
      "mean": 173.9795081967213,
      "p50": 198.0,
      "p90": 237.0
    },
    "length_ref_words": {
      "mean": 168.60245901639345,
      "p50": 123.0,
      "p90": 345.5
    },
    "latency_sec_total": 412.74791049957275,
    "latency_sec_per_sample": 0.4228974492823491,
    "pred_file": "eval_runs/20260112_071802_three/models/lr1e/pred_finance.jsonl"
  },
  "general": {
    "n": 2470,
    "exact_match": 0.0016194331983805667,
    "rouge": {
      "rouge1": 0.3641282467129853,
      "rouge2": 0.18420296115465423,
      "rougeL": 0.287122446871524
    },
    "bleu": {
      "bleu": 10.136445932365104
    },
    "chrf": {
      "chrf": 40.627433354778965
    },
    "length_pred_words": {
      "mean": 76.27570850202429,
      "p50": 55.0,
      "p90": 173.19999999999982
    },
    "length_ref_words": {
      "mean": 41.298785425101215,
      "p50": 26.0,
      "p90": 96.0
    },
    "latency_sec_total": 1012.8172149658203,
    "latency_sec_per_sample": 0.4100474554517491,
    "pred_file": "eval_runs/20260112_071802_three/models/lr1e/pred_general.jsonl"
  }
}