{
  "model": "LoRA::Qwen/Qwen2.5-7B-Instruct::/workspace/LLaMA-Factory/saves/ep3",
  "gen_cfg": {
    "max_new_tokens": 256,
    "do_sample": false,
    "temperature": 0.0,
    "top_p": 1.0,
    "repetition_penalty": 1.0
  },
  "max_input_tokens": 2048,
  "batch_size": 24,
  "finance": {
    "n": 976,
    "exact_match": 0.0010245901639344263,
    "rouge": {
      "rouge1": 0.2522276276589632,
      "rouge2": 0.06362524581956773,
      "rougeL": 0.1662929419662116
    },
    "bleu": {
      "bleu": 3.2211393237044024
    },
    "chrf": {
      "chrf": 23.159681519916912
    },
    "length_pred_words": {
      "mean": 171.66598360655738,
      "p50": 204.0,
      "p90": 234.5
    },
    "length_ref_words": {
      "mean": 168.60245901639345,
      "p50": 123.0,
      "p90": 345.5
    },
    "latency_sec_total": 406.5647530555725,
    "latency_sec_per_sample": 0.41656224698316857,
    "pred_file": "eval_runs/20260112_094214_three/models/ep3/pred_finance.jsonl"
  },
  "general": {
    "n": 2470,
    "exact_match": 0.0016194331983805667,
    "rouge": {
      "rouge1": 0.38302007652127634,
      "rouge2": 0.19804026994331567,
      "rougeL": 0.303830742961409
    },
    "bleu": {
      "bleu": 12.108002217144497
    },
    "chrf": {
      "chrf": 40.52246736212878
    },
    "length_pred_words": {
      "mean": 63.684615384615384,
      "p50": 47.0,
      "p90": 126.0
    },
    "length_ref_words": {
      "mean": 41.298785425101215,
      "p50": 26.0,
      "p90": 96.0
    },
    "latency_sec_total": 927.7806208133698,
    "latency_sec_per_sample": 0.3756196845398258,
    "pred_file": "eval_runs/20260112_094214_three/models/ep3/pred_general.jsonl"
  }
}