{
    "epoch": 2.0,
    "eval_loss": 1.7197309732437134,
    "eval_runtime": 13.9759,
    "eval_samples_per_second": 3.363,
    "eval_steps_per_second": 3.363,
    "total_flos": 7.820950574852997e+17,
    "train_loss": 2.0496728021479163,
    "train_runtime": 8576.7296,
    "train_samples_per_second": 1.047,
    "train_steps_per_second": 0.066
}