{
    "epoch": 2.0,
    "total_flos": 7.820950574852997e+17,
    "train_loss": 2.0496728021479163,
    "train_runtime": 8576.7296,
    "train_samples_per_second": 1.047,
    "train_steps_per_second": 0.066
}