{
    "epoch": 2.0,
    "total_flos": 7.781741263815967e+17,
    "train_loss": 1.9000483924033178,
    "train_runtime": 8203.0944,
    "train_samples_per_second": 2.177,
    "train_steps_per_second": 0.136
}