{
    "epoch": 2.0,
    "total_flos": 7.820950574852997e+17,
    "train_loss": 2.135044776672146,
    "train_runtime": 8543.9702,
    "train_samples_per_second": 1.051,
    "train_steps_per_second": 0.066
}