{
    "epoch": 4.0,
    "total_flos": 1.5641901149705994e+18,
    "train_loss": 1.9397181751889265,
    "train_runtime": 17158.8067,
    "train_samples_per_second": 1.046,
    "train_steps_per_second": 0.066
}