{
  "LoRA::Qwen/Qwen2.5-7B-Instruct::/workspace/LLaMA-Factory/saves/e2baseline": {
    "finance": {
      "exact_match": 0.0010245901639344263,
      "rougeL": 0.018069330039378773,
      "bleu": 0.7532070856600495,
      "chrf": -6.80154994605709
    },
    "general": {
      "exact_match": -0.0004048582995951418,
      "rougeL": 0.08986988281382927,
      "bleu": 6.8122553902870155,
      "chrf": 4.086186406455134
    }
  },
  "LoRA::Qwen/Qwen2.5-7B-Instruct::/workspace/LLaMA-Factory/saves/ep3": {
    "finance": {
      "exact_match": 0.0010245901639344263,
      "rougeL": 0.01867516680574488,
      "bleu": 0.813515228514754,
      "chrf": -6.7360873307526
    },
    "general": {
      "exact_match": -0.0004048582995951418,
      "rougeL": 0.0941508532128815,
      "bleu": 7.351317459971826,
      "chrf": 4.158797060119966
    }
  },
  "LoRA::Qwen/Qwen2.5-7B-Instruct::/workspace/LLaMA-Factory/saves/ep4": {
    "finance": {
      "exact_match": 0.0010245901639344263,
      "rougeL": 0.018568788188084412,
      "bleu": 0.8583082862427212,
      "chrf": -6.736133060490335
    },
    "general": {
      "exact_match": 0.0004048582995951418,
      "rougeL": 0.09435571969711035,
      "bleu": 7.438312517385539,
      "chrf": 4.091766424551416
    }
  }
}