{
  "model": "LoRA::Qwen/Qwen2.5-7B-Instruct::/workspace/LLaMA-Factory/saves/cut1024",
  "gen_cfg": {
    "max_new_tokens": 256,
    "do_sample": false,
    "temperature": 0.0,
    "top_p": 1.0,
    "repetition_penalty": 1.0
  },
  "max_input_tokens": 2048,
  "batch_size": 24,
  "finance": {
    "n": 976,
    "exact_match": 0.0010245901639344263,
    "rouge": {
      "rouge1": 0.25331215381555533,
      "rouge2": 0.06443475755810195,
      "rougeL": 0.16739099639516378
    },
    "bleu": {
      "bleu": 3.2898367233558465
    },
    "chrf": {
      "chrf": 23.19360828587287
    },
    "length_pred_words": {
      "mean": 173.42827868852459,
      "p50": 205.0,
      "p90": 240.0
    },
    "length_ref_words": {
      "mean": 168.60245901639345,
      "p50": 123.0,
      "p90": 345.5
    },
    "latency_sec_total": 411.635618686676,
    "latency_sec_per_sample": 0.42175780603143037,
    "pred_file": "eval_runs/20260112_131157_two_dirs/models/cut1024/pred_finance.jsonl"
  },
  "general": {
    "n": 2470,
    "exact_match": 0.002834008097165992,
    "rouge": {
      "rouge1": 0.38531669888663633,
      "rouge2": 0.19838151192880424,
      "rougeL": 0.30616005908455174
    },
    "bleu": {
      "bleu": 12.186922794529016
    },
    "chrf": {
      "chrf": 39.877319416599214
    },
    "length_pred_words": {
      "mean": 61.54210526315789,
      "p50": 46.0,
      "p90": 119.0
    },
    "length_ref_words": {
      "mean": 41.298785425101215,
      "p50": 26.0,
      "p90": 96.0
    },
    "latency_sec_total": 936.9014406204224,
    "latency_sec_per_sample": 0.37931232413782284,
    "pred_file": "eval_runs/20260112_131157_two_dirs/models/cut1024/pred_general.jsonl"
  }
}