{
    "epoch": 2.0,
    "eval_loss": 2.203024387359619,
    "eval_runtime": 13.6278,
    "eval_samples_per_second": 3.449,
    "eval_steps_per_second": 3.449,
    "total_flos": 7.815384683784438e+17,
    "train_loss": 2.7032454684111573,
    "train_runtime": 8199.2008,
    "train_samples_per_second": 1.095,
    "train_steps_per_second": 0.069
}